Committee ID,Candidate/Committee Name,Office,Party,IE For,IE Against,Total IE,Transaction Count
100605,Kari Lake for Arizona,Governor,Republican,2492870.15,8443590.54,10936460.69,194
-445,Elect Katie Hobbs,Governor,Democratic,2091860.37,6565407.6,8657267.97,277
201800057,Elect Katie Hobbs,Secretary of State,Democratic,3328071.91,3547648.73,6875720.64,253
-787,Karrin for Arizona,Governor,Republican,2540897.09,1454200.0,3995097.09,50
100566,Mark Finchem for Secretary of State,Secretary of State,Republican,37664.56,3670413.5,3708078.06,119
100811,Abraham Hamadeh for Attorney General,Attorney General,Republican,970057.14,1385781.07,2355838.21,50
100126,Friends of Reginald Bolding,Secretary of State,Democratic,2128473.71,0.0,2128473.71,48
-830,Kris Mayes for Arizona,Attorney General,Democratic,122260.83,1862144.7,1984405.53,58
-493,Fontes for AZ,Secretary of State,Democratic,769742.26,566940.39,1336682.65,119
-388,Dawn Grove for Arizona,Attorney General,Republican,1276624.0,0.0,1276624.0,1
100098,Nancy Barto for State Senate 2022,State Senator - District No. 15,Republican,208288.27,524708.9,732997.17,106
100213,Kennedy for Corporation Commissioner 2022,Corporation Commissioner,Democratic,660319.3,5000.0,665319.3,19
-77,Arizonans for Matt Gress,State Representative - District No. 4,Republican,457711.64,80534.33,538245.97,71
-680,JULIE GUNNIGLE FOR MARICOPA COUNTY ATTORNEY,,,0.0,520098.93,520098.93,5
100653,Lauren Kuby for Corporation Commission,Corporation Commissioner,Democratic,458521.27,30313.55,488834.82,23
-277,Chris4Arizona,Corporation Commissioner,Democratic,346340.42,131173.67,477514.09,135
100066,Bowers for Arizona,State Senator - District No. 10,Republican,284417.72,167103.07,451520.79,70
201600193,Vote Mesnard,State Senator - District No. 13,Republican,196250.03,146870.02,343120.05,84
201800139,Jennifer Pawlik for AZ House,State Representative - District 13,Democratic,274186.19,61705.08,335891.27,63
201800262,Osborne For Arizona Senate,State Senator - District No. 29,Republican,258872.99,64016.14,322889.13,55
-384,David Cook,State Representative - District No. 8,Republican,246736.79,69945.82,316682.61,35
101068,Cindy for AZ,State Senator - District No. 13,Republican,186263.78,126960.49,313224.27,44
-469,Eva for Arizona,State Representative - District No. 28,Democratic,164197.62,133833.77,298031.39,61
100153,Steve Kaiser for Arizona,State Representative - District 15,Republican,196087.92,94149.41,290237.33,54
-454,Elect Scantlebury,State Senator - District No. 9,Republican,173836.4,114806.55,288642.95,54
-750,Justice James P. Beene,,,0.0,260168.37,260168.37,3
-739,Judy for AZ,State Representative - District No. 20,Democratic,170945.3,85518.55,256463.85,70
201800564,Pace For AZ Senate,State Senator - District No. 25,Republican,200572.24,45635.78,246208.02,53
100143,Vote Wilmeth,State Representative - District 2,Republican,172514.61,64912.19,237426.8,71
100572,Christian Lamar for State Representative - District 2,State Representative - District 2,Republican,80708.59,154460.07,235168.66,51
100073,Conservatives for John,State Representative - District 25,Republican,172018.79,39582.6,211601.39,31
100574,Andrew Gould for Attorney General,Attorney General,Republican,198721.57,0.0,198721.57,17
100968,Casteen for Arizona,State Senator - District No. 20,Democratic,161372.39,29013.51,190385.9,42
100635,Vote Bolick,Secretary of State,Republican,189879.02,0.0,189879.02,6
-898,Lorena for Arizona,,,151133.89,38283.57,189417.46,32
-1334,Vice Chief Justice Ann. A Scott Timmer,,,0.0,174786.18,174786.18,3
100966,Farnsworth for Senate,State Senator - District No. 10,Republican,133320.66,40538.4,173859.06,27
100924,Laura For AZ,State Representative - District 4,Democratic,73617.87,88605.94,162223.81,40
100229,Vote Liz Harris,State Representative - District 17,Republican,43965.69,117168.21,161133.9,29
-1122,"RUSSELL W ""RUSTY"" BOWERS for State Representative - District 25",State Representative - District No. 25,Republican,0.0,156555.8,156555.8,341
-784,Kari Lake for Arizona,,,0.0,152849.99,152849.99,3
-751,Justice William G. Montgomery,,,0.0,152247.18,152247.18,3
100282,Elect Kathy Pearce,State Representative - District 25,Republican,65912.33,77645.74,143558.07,31
201600496,Elect Michelle Udall,Superintendent of Public Instruction,Republican,0.0,130000.0,130000.0,3
101164,Brittani Barraza for AZ,State Senator - District No. 27,Democratic,129038.91,466.98,129505.89,24
100184,ElectBurgesDistrict#1,State Representative - District 1,Republican,99087.48,14537.38,113624.86,8
100654,Shope for State Senator - District No. 16,State Senator - District No. 16,Republican,92958.52,18327.39,111285.91,39
-165,Blattman for AZ,,,92907.77,16335.62,109243.39,28
-976,Mendoza For Arizona,,,10321.74,97340.54,107662.28,32
100881,Terry for Arizona,State Representative - District 29,Republican,97396.9,7611.7,105008.6,17
100901,Syms for Arizona,State Representative - District 4,Republican,23006.1,77425.0,100431.1,18
202000023,Vote Frank Carroll,State Senator - District No. 28,Republican,100164.62,0.0,100164.62,19
-1332,Vice Chief Justice Ann A Scott Timmer,,,0.0,98838.16,98838.16,1
100677,Morgan for Arizona,State Senator - District No. 18,Democratic,97125.04,0.0,97125.04,12
100992,Janelle Wood for State Senator - District No. 11,State Representative - District 11,Democratic,96057.96,867.33,96925.29,16
-1400,Yassamin for Phoenix,,,91154.18,0.0,91154.18,5
-1356,Vote Livingston for House LD28,State Representative - District No. 28,Republican,6189.0,74892.61,81081.61,14
-62,Anna Hernandez Senator 24,State Senator - District No. 24,Democratic,80682.37,0.0,80682.37,22
-819,Kesha For Phoenix,,,0.0,78886.6,78886.6,1
-566,Gunnigle 2022,,,71270.08,0.0,71270.08,6
201600203,Contreras for House,State Representative - District 22,Democratic,70251.38,0.0,70251.38,11
100568,Dana Allmond for State Representative - District 11,State Representative - District 11,Democratic,65847.56,3753.12,69600.68,27
101035,Seaman4AZ,State Representative - District 16,Democratic,50968.13,13837.45,64805.58,23
-1367,Vote Shamp,,,26992.03,35288.21,62280.24,16
100869,Brian Fernandez for State Senate - District 23,State Senator - District No. 23,Democratic,980.42,61195.2,62175.62,7
-492,Fontes for AZ,,,43804.26,18362.0,62166.26,7
101253,Steven Robinson for State Senator - District No. 22,State Senator - District No. 22,Republican,56230.55,1924.83,58155.38,13
201800061,Vince Leach for Senate,State Senator - District No. 17,Republican,54690.02,0.0,54690.02,10
-725,John Kavanagh for State Senator - District No. 3,State Senator - District No. 3,Republican,54522.77,0.0,54522.77,3
101255,Steven Robinson for State Senator - District No. 22,State Senator - District No. 22,Republican,53969.59,0.0,53969.59,9
201800264,Fillmore 2020,State Representative - District 16,Republican,40989.83,12413.54,53403.37,11
101106,Jennifer Treadwell for State Representative - District 5,State Representative - District 5,Republican,51118.61,0.0,51118.61,7
-592,Hudelson for Arizona,,,45736.06,5000.0,50736.06,16
-1295,Taylor for Pima College,,,49500.0,0.0,49500.0,2
-326,Contreras for AZ,,,41464.77,7289.97,48754.74,10
100948,Junelle Cavero Harnal for State Senator - District No. 11,State Senator - District No. 11,Democratic,47726.0,0.0,47726.0,27
100979,Jamie Kelly for State Senator - District No. 27,State Senator - District No. 27,Republican,47275.93,0.0,47275.93,10
100604,Vote Sapir,Superintendent of Public Instruction,Republican,47032.88,0.0,47032.88,3
101237,Eva Diaz for State Senate LD22,State Senator - District No. 22,Democratic,45461.75,1378.35,46840.1,13
-1351,Vote Kern,,,29693.6,16401.37,46094.97,17
-820,Kesha for Phoenix,,,36760.56,8200.0,44960.56,5
202000052,Wendy Rogers for AZ Senate,State Senator - District No. 7,Republican,0.0,43228.92,43228.92,6
100617,Julie Willoughby for State Representative - District 17,State Representative - District 17,Republican,14118.87,26826.63,40945.5,15
-465,Estela for Phoenix,,,39902.86,0.0,39902.86,2
-178,Bravo for Arizona,,,36670.23,0.0,36670.23,5
-325,Consuelo Hernandez for State Representative - District 21,State Representative - District No. 21,Democratic,36352.96,0.0,36352.96,6
-1040,PENA 4 AZ HOUSE,,,35951.94,0.0,35951.94,20
-1333,Vice Chief Justice Ann A. Scott Timmer,,,0.0,35580.49,35580.49,1
-1363,Vote Pingerelli,,,34422.97,0.0,34422.97,15
201600202,Espinoza for Arizona,State Senator - District No. 22,Democratic,32710.03,0.0,32710.03,10
101005,Mike Nickerson for AZ,State Senator - District No. 11,Democratic,18588.12,12063.51,30651.63,9
100558,Chavez for AZ Senate,State Senator - District No. 29,Democratic,30148.32,0.0,30148.32,9
-1313,TraversforAZ,,,30093.28,0.0,30093.28,4
-275,Chaston for Arizona,,,29159.88,0.0,29159.88,4
100879,Marcelino For Arizona,State Representative - District 11,Democratic,28387.14,0.0,28387.14,3
-977,Michael Carbone for State Representative - District 25,State Representative - District No. 25,Republican,27940.17,0.0,27940.17,6
100554,Marco Lopez for Governor,Governor,Democratic,26000.0,0.0,26000.0,1
-969,Martinez for Arizona,,,13288.25,12561.16,25849.41,8
-1355,Vote Livingston LD22 Senate 2020,State Senator - District No. 22,Republican,14468.58,11156.43,25625.01,7
-716,Joel John for House LD4,State Representative - District No. 4,Democratic,8367.52,16801.38,25168.9,2
201600355,Michelle for Secretary of State,Secretary of State,Republican,24947.4,0.0,24947.4,5
-549,Gary Garcia Snyder 4 AZ SENATE,,,23668.07,0.0,23668.07,10
101041,Bennett for Senate,State Senator - District No. 1,Republican,0.0,22869.25,22869.25,6
201800207,Jen Longdon for House,State Representative - District 5,Democratic,13465.5,8204.45,21669.95,3
202000020,Townsend for Senate,State Senator - District No. 16,Republican,21614.46,0.0,21614.46,3
100890,Austin Smith for Arizona,State Representative - District 29,Republican,19924.39,484.06,20408.45,8
-544,Galvin for Maricopa County,,,20357.04,0.0,20357.04,1
200693502,RE-ELECT EDDIE FARNSWORTH 2006,State Representative - District 22,Republican,0.0,19698.65,19698.65,2
-974,McGarr for Arizona House,,,19634.63,0.0,19634.63,1
100931,Vote Vera,State Representative - District 4,Republican,19293.75,0.0,19293.75,4
201600525,Syms for Arizona,State Representative - District 28,Republican,17749.75,0.0,17749.75,1
-1408,Zipperman for Arizona,,,17105.14,0.0,17105.14,3
-998,Montenegro for House,,,5684.84,11000.0,16684.84,6
-50,Analise Ortiz for Arizona House,,,15188.97,0.0,15188.97,7
100104,Quang Nguyen for State Representative - District 1,State Representative - District 1,Republican,14537.4,0.0,14537.4,4
100547,Elect Kathy Hoffman for Superintendent,Superintendent of Public Instruction,Democratic,12859.68,1250.59,14110.27,17
101027,Kerby For Arizona,State Senator - District No. 16,Democratic,3211.68,9376.45,12588.13,6
201800416,Alma for Arizona,State Representative - District 3,Democratic,12359.69,0.0,12359.69,4
-960,Mark Aguire for Liberty Elementary School District,,,12300.0,0.0,12300.0,3
201800179,Conservatives for Toma,State Representative - District 22,Republican,12025.81,0.0,12025.81,6
-45,Alex For Arizona,,,11803.25,0.0,11803.25,2
-1066,Priya for Arizona,,,10344.0,0.0,10344.0,2
100642,Brianna Westbrook for Arizona,State Representative - District 24,Democratic,10007.0,0.0,10007.0,1
-1029,Osborne For Arizona House,,,0.0,10000.0,10000.0,1
-1335,Victor Flores for SRP 12,,,10000.0,0.0,10000.0,1
-41,Adams for Tempe,,,9999.96,0.0,9999.96,1
-258,Carlos for Phoenix,,,9999.96,0.0,9999.96,1
-291,Clowes for Council,,,9999.76,0.0,9999.76,4
-771,KEVIN PAYNE for State Representative - District 21,State Representative - District No. 21,Republican,9820.26,0.0,9820.26,8
-259,Carlos for Phoenix,,,6471.9,3235.95,9707.85,2
100902,AJ For Arizona,State Representative - District 12,Democratic,9547.09,0.0,9547.09,2
-994,Mitzi Epstein for AZ Senate,,,9308.83,0.0,9308.83,3
-524,GALVIN FOR MARICOPA COUNTY,,,8481.46,0.0,8481.46,2
-1399,Yassamin for Phoenix,,,7919.01,0.0,7919.01,1
100571,Shedd for Attorney General,Attorney General,Republican,7767.5,0.0,7767.5,1
-295,Committee to Elect Berdetta,,,7499.75,0.0,7499.75,3
-1192,Sandoval for Arizona,,,7269.34,0.0,7269.34,7
-874,Laura Pastor 4 City Council,,,6879.06,0.0,6879.06,2
-746,Julie Gunnigle for Maricopa County Attorney 2022,,,5736.41,1115.2,6851.61,7
-710,Jesus Lugo Jr for State Representative - District 4,State Representative - District No. 4,Democratic,6503.3,0.0,6503.3,2
201800489,Tim Dunn For AZ House,State Representative - District 13,Republican,6336.13,0.0,6336.13,6
201600293,BORRELLI SENATE COMMITTEE,State Senator - District No. 5,Republican,6243.84,0.0,6243.84,2
101026,Justine Wadsack for Arizona,State Senator - District No. 17,Republican,6193.57,0.0,6193.57,4
-973,McGarr for Arizona House,,,4748.95,1216.61,5965.56,8
100883,Abeytia for AZ,State Representative - District 24,Democratic,5824.14,0.0,5824.14,4
100893,Naketa Ross for State Representative - District 11,State Representative - District 11,Democratic,5445.0,0.0,5445.0,2
100016,Grantham for Arizona 2022,State Representative - District 14,Republican,5237.95,0.0,5237.95,4
-438,Elect Gabaldon for Senate,,,5131.58,0.0,5131.58,3
-268,Catherine Miranda for State Senate,,,3000.0,2040.02,5040.02,4
100650,Jan Dubauskas for State Senator - District No. 23,State Senator - District No. 23,Republican,5000.0,0.0,5000.0,3
100716,Glassman for Attorney General,Attorney General,Republican,0.0,5000.0,5000.0,1
201800088,Robinson For Senate,State Senator - District No. 30,Democratic,0.0,4950.0,4950.0,1
-466,Estela for Phoenix,,,4847.1,0.0,4847.1,1
-1303,Thomas Horne for Superintendent of Public Instruction,Superintendent of Public Instruction,Republican,0.0,4544.27,4544.27,3
-250,CYNTHIA HANS for State Senator - District No. 13,State Senator - District No. 13,Democratic,4445.13,0.0,4445.13,9
101261,Steve Chapman for State Senate,State Senator - District No. 22,Republican,2623.2,1790.2,4413.4,4
-324,Conservatives for Toma,,,4182.26,0.0,4182.26,2
101074,Suzanne Lunt for State Representative - District 14,State Representative - District 14,Republican,4105.04,0.0,4105.04,5
-702,Jennifer Treadwell for State Representative - District 5,State Representative - District No. 5,Republican,3920.34,0.0,3920.34,1
-737,Juan Padres For City Council,,,3664.53,0.0,3664.53,1
-1230,Stephanie Stahl Hamilton for State Representative,,,3506.2,0.0,3506.2,2
100009,Committee to Elect Kim Owens,Corporation Commissioner,Republican,3500.0,0.0,3500.0,1
-1,100066 - Rusty Bowers For Arizona,,,0.0,3486.13,3486.13,24
-511,Friends of Warren Petersen,,,3454.91,0.0,3454.91,1
-334,Cory Mishkin for Water Conservation District,,,3333.34,0.0,3333.34,1
-180,Bullington for CAP,,,3333.33,0.0,3333.33,1
-260,Carlos for Phoenix,,,3235.95,0.0,3235.95,1
-276,Chris4Arizona,,,0.0,3165.09,3165.09,1
100806,Pierce For AZ,State Representative - District 2,Republican,2633.62,0.0,2633.62,4
-902,Lugo Jr for Arizona,,,2021.2,544.16,2565.36,3
-729,Jones for Arizona,,,2125.0,0.0,2125.0,2
100904,Friends of Natacha Chavez,State Representative - District 22,Democratic,2124.11,0.0,2124.11,3
-386,David W Richardson for AZ,,,2000.0,0.0,2000.0,1
-38,Abraham Hamadeh for Attorney General,Attorney General,Republican,1881.27,0.0,1881.27,1
201800208,Sierra for Arizona,State Representative - District 22,Democratic,1410.1,411.52,1821.62,5
-807,Katie Hobbs,,,0.0,1819.44,1819.44,1
-307,Committee to Elect Kim Owens,,,1500.0,0.0,1500.0,1
-873,Laura Pastor 4 City Council,,,1435.26,0.0,1435.26,2
201800393,Salman for House,State Representative - District 26,Democratic,1395.82,0.0,1395.82,3
-1247,Susan Black for Arizona,,,1381.05,0.0,1381.05,2
-1041,PENA 4 AZ HOUSE,,,1368.86,0.0,1368.86,2
-1191,Samantha Davis for qcusd governing board,,,1255.0,0.0,1255.0,1
-1403,Young for Arizona,,,0.0,1000.0,1000.0,1
202000013,Joseph Chaplik For AZ,State Representative - District 3,Republican,969.98,0.0,969.98,1
100522,Livingston for Treasurer,State Treasurer,Republican,969.53,0.0,969.53,2
-822,Kesha for Phoenix,,,892.0,0.0,892.0,1
-1012,Naketa Ross for State Representative - District 27,State Representative - District No. 27,Democratic,857.09,0.0,857.09,1
201800222,Committee to Elect Leo Biasiucci,State Representative - District 30,Republican,802.29,0.0,802.29,1
-261,Carlos for Phoenix,,,781.25,0.0,781.25,1
101126,Michael Carbone for State Representative - District 25,State Representative - District 25,Republican,768.95,0.0,768.95,1
100556,Committee to Elect David Marshall,State Representative - District 6,Republican,682.75,0.0,682.75,1
-269,Center For Arizona Policy Action,,,0.0,681.6,681.6,4
-1030,Oscar for AZ House,,,637.88,0.0,637.88,1
-1284,TRiel4PCCBoard,,,625.0,0.0,625.0,1
-588,Heli Nielson for Phoenix City Council,,,590.69,0.0,590.69,1
100752,People for Quezada,State Treasurer,Democratic,443.63,100.0,543.63,2
-470,Eva for Arizona,,,479.7,0.0,479.7,1
-701,Jennifer Pawlik for AZ House,,,478.42,0.0,478.42,2
-872,Laura For AZ,,,468.19,0.0,468.19,1
-1294,Taylor Kerby for State Senator - District No. 16,State Senator - District No. 16,Republican,466.23,0.0,466.23,2
-270,Cesar Aguilar for State Representative - District 26,State Representative - District No. 26,Democratic,463.84,0.0,463.84,1
-583,Heap for House,,,414.28,0.0,414.28,1
-503,Friends of Jake Hoffman,,,368.19,0.0,368.19,1
-182,Butler for Arizona,,,273.53,0.0,273.53,1
-970,Mary G for SUSD,,,273.52,0.0,273.52,1
100981,Nitschke for AZ State Senate,State Senator - District No. 7,Democratic,224.88,0.0,224.88,1
201800175,Vote Kerr,State Representative - District 25,Republican,187.41,0.0,187.41,1
-440,Elect Heli Nielson,,,177.71,0.0,177.71,1
-341,D14 Democrats,,,170.4,0.0,170.4,1
-895,Living United for Change in Arizona,,,170.4,0.0,170.4,1
-894,Living United for Change in Arizona,,,170.4,0.0,170.4,1
-340,D14 Democrats,,,170.4,0.0,170.4,1
-76,Arizonans For Public Safety Yes On 310,,,170.4,0.0,170.4,1
-749,Julie Willoughby for State Representative - District 17,State Representative - District No. 17,Democratic,156.71,0.0,156.71,1
100962,Anna Hernandez Senator 24,State Senator - District No. 24,Democratic,148.27,0.0,148.27,1
201600354,Mendez for Senate,State Senator - District No. 26,Democratic,132.13,0.0,132.13,1
100941,Reese For AZ,State Representative - District 14,Democratic,128.0,0.0,128.0,1
-743,Julie Gunnigle For Maricopa County Attorney 2022,,,126.76,0.0,126.76,1
100573,Radford for Arizona Campaign,State Representative - District 11,Democratic,0.0,125.07,125.07,2
201800317,Terán for Arizona,State Senator - District No. 30,Democratic,120.68,0.0,120.68,3
-1190,Salman for House,,,120.0,0.0,120.0,1
-283,Cinthia Estella,,,100.0,0.0,100.0,1
-422,ENGEL FOR ARIZONA,,,88.2,0.0,88.2,1
-1126,Radford for Arizona Campaign,,,88.19,0.0,88.19,1
100227,Robson 2020,State Representative - District 18,Republican,0.0,33.04,33.04,1
